DateTime,Max Rel. Humidity,Min Rel. Humidity 
5/1/2014,74.1822,5.5351
5/2/2014,69.7029,5.4676
5/3/2014,52.0894,3.82
5/4/2014,40.9625,3.4539
5/5/2014,40.0422,5.0328
5/6/2014,55.098,11.7572
5/7/2014,53.9667,18.1593
5/8/2014,100,13.4389
5/9/2014,85.4033,11.0207
5/10/2014,55.1622,10.0073
5/11/2014,64.3518,16.0379
5/12/2014,100,6.6991
5/13/2014,78.9258,5.4465
5/14/2014,52.1562,4.469
5/15/2014,64.1468,4.7771
5/16/2014,52.6676,4.2773
5/17/2014,73.5752,3.4199
5/18/2014,60.4028,2.8672
5/19/2014,66.815,2.5137
5/20/2014,51.0069,4.0979
5/21/2014,53.4939,6.6488
5/22/2014,79.1834,6.8462
5/23/2014,64.8538,11.3323
5/24/2014,77.406,12.0725
5/25/2014,81.9048,12.2895
5/26/2014,98.2783,9.9406
5/27/2014,91.5608,7.6884
5/28/2014,84.3051,7.4909
5/29/2014,85.417,8.9893
5/30/2014,79.2494,11.9778
5/31/2014,79.7591,8.3193
6/1/2014,96.7094,4.7829
6/2/2014,91.8565,2.453
6/3/2014,87.4188,2.7577
6/4/2014,91.3022,1.5717
6/5/2014,100,1.4028
6/6/2014,88.7525,1
6/7/2014,96.6101,1.4409
6/8/2014,83.1156,4.6132
6/9/2014,87.5377,6.6286
6/10/2014,94.2118,7.0055
6/11/2014,83.6349,6.8227
6/12/2014,100,6.0529
6/13/2014,73.6239,7.8828
6/14/2014,69.1449,6.8659
6/15/2014,92.5209,3.738
6/16/2014,71.6831,3.8107
6/17/2014,64.3594,5.6813
6/18/2014,66.095,10.1246
6/19/2014,72.9185,7.5098
6/20/2014,72.7577,6.4815
6/21/2014,65.118,6.757
6/22/2014,82.0636,6.9629
6/23/2014,100,5.1241
6/24/2014,72.4099,5.4912
6/25/2014,66.7935,5.7402
6/26/2014,76.316,8.9978
6/27/2014,74.0404,11.2566
6/28/2014,91.5151,10.3236
6/29/2014,84.9727,11.5766
6/30/2014,93.8545,12.0084
7/1/2014,98.5769,8.4799
7/2/2014,84.9308,6.7782
7/3/2014,67.644,10.4728
7/4/2014,60.0595,21.1344
7/5/2014,65.0522,23.1617
7/6/2014,76.9392,22.4565
7/7/2014,76.4181,19.3479
7/8/2014,89.8328,24.4516
7/9/2014,60.1878,30.4392
7/10/2014,54.7668,24.1769
7/11/2014,69.1877,19.3102
7/12/2014,60.7763,13.777
7/13/2014,66.2731,15.4907
7/14/2014,100,26.5992
7/15/2014,72.7226,29.5685
7/16/2014,63.3,20.0158
7/17/2014,73.1442,13.7098
7/18/2014,81.5977,10.8281
7/19/2014,72.1449,13.9613
7/20/2014,77.989,12.1227
7/21/2014,71.6613,9.1656
7/22/2014,63.8646,8.8199
7/23/2014,82.7879,9.5319
7/24/2014,60.1104,12.0905
7/25/2014,53.5171,13.9114
7/26/2014,50.2158,19.7631
7/27/2014,76.1613,20.0307
7/28/2014,61.5472,17.358
7/29/2014,62.0872,16.5701
7/30/2014,93.6827,12.8313
7/31/2014,100,14.6011
8/1/2014,85.0398,27.4529
8/2/2014,76.4188,25.7293
8/3/2014,71.7868,29.6656
8/4/2014,70.7424,22.23
8/5/2014,62.8304,18.0106
8/6/2014,71.1945,11.1417
8/7/2014,100,10.2603
8/8/2014,95.3499,14.89
8/9/2014,93.8639,18.9452
8/10/2014,96.3937,17.8841
8/11/2014,100,16.8798
8/12/2014,80.3675,29.5571
8/13/2014,69.2711,41.0459
8/14/2014,65.4836,31.2811
8/15/2014,59.891,25.8215
8/16/2014,83.3888,21.7816
8/17/2014,87.878,20.7643
8/18/2014,76.4222,28.4745
8/19/2014,60.6297,42.0322
8/20/2014,56.8786,28.5755
8/21/2014,53.1615,31.9725
8/22/2014,56.8358,29.0985
8/23/2014,52.7851,23.4714
8/24/2014,48.1466,17.5274
8/25/2014,50.3757,22.8281
8/26/2014,60.8193,27.4437
8/27/2014,67.0086,24.9322
8/28/2014,66.9626,16.2613
8/29/2014,62.379,10.3457
8/30/2014,71.5848,7.7961
8/31/2014,78.7532,10.3038
9/1/2014,94.0007,10.4573
9/2/2014,100,9.9598
9/3/2014,85.6134,8.2903
9/4/2014,64.2237,12.0302
9/5/2014,100,24.5846
9/6/2014,96.5098,22.5811
9/7/2014,70.774,25.0521
9/8/2014,74.9828,47.4594
9/9/2014,66.199,42.6921
9/10/2014,100,34.5992
9/11/2014,93.5057,20.6617
9/12/2014,100,16.1967
9/13/2014,74.5925,19.213
9/14/2014,56.2422,20.7259
9/15/2014,100,19.1632
9/16/2014,93.834,34.9869
9/17/2014,81.3662,37.5945
9/18/2014,84.8204,31.3361
9/19/2014,69.9111,31.67
9/20/2014,87.0587,25.5561
9/21/2014,100,24.2054
9/22/2014,62.4706,20.2415
9/23/2014,53.1633,15.6445
9/24/2014,42.2217,12.4975
9/25/2014,53.0667,12.5474
9/26/2014,69.5155,23.9961
9/27/2014,72.6269,33.4163
9/28/2014,76.2279,33.6959
9/29/2014,74.416,20.8403
9/30/2014,67.8904,17.528
10/1/2014,68.2673,12.9578
10/2/2014,100,10.9613
10/3/2014,100,5.7381
10/4/2014,50.1782,6.5128
10/5/2014,54.1772,10.7627
10/6/2014,55.5862,15.0443
10/7/2014,68.478,17.4654
10/8/2014,58.8507,38.8016
10/9/2014,100,43.6082
10/10/2014,100,34.4276
10/11/2014,79.4869,28.3201
10/12/2014,79.7363,21.4662
10/13/2014,100,17.0772
10/14/2014,97.2058,7.8308
10/15/2014,71.7736,12.4488
10/16/2014,74.1539,14.1183
10/17/2014,94.3542,19.6346
10/18/2014,92.2711,21.3552
10/19/2014,80.8348,22.9813
10/20/2014,100,24.9626
10/21/2014,96.2561,21.3153
10/22/2014,70.756,19.7399
10/23/2014,90.2318,18.9506
10/24/2014,94.4218,16.3601
10/25/2014,100,15.1112
10/26/2014,79.2162,22.9543
10/27/2014,100,28.2675
10/28/2014,100,25.0235
10/29/2014,73.5227,15.7506
10/30/2014,69.1388,14.1921
10/31/2014,100,13.0858
11/1/2014,61.3534,28.4992
11/2/2014,37.5372,35.0684
11/3/2014,65.2819,19.8352
11/4/2014,100,10.8239
11/5/2014,65.9644,8.0472
11/6/2014,84.3047,9.0652
11/7/2014,66.6989,14.293
11/8/2014,91.3909,11.9157
11/9/2014,61.8785,11.8801
11/10/2014,100,13.406
11/11/2014,100,18.3715
11/12/2014,57.8023,29.7604
11/13/2014,53.7566,32.5121
11/14/2014,59.0846,43.7698
11/15/2014,49.9938,36.0569
11/16/2014,100,33.2862
11/17/2014,87.2161,5.6393
11/18/2014,93.1302,5.1021
11/19/2014,97.9999,5.6744
11/20/2014,89.8525,7.2489
11/21/2014,95.8142,10.0897
11/22/2014,86.0836,16.5414
11/23/2014,100,15.3428
11/24/2014,100,9.1544
11/25/2014,72.7969,5.2901
11/26/2014,94.0975,3.1984
11/27/2014,76.6652,2.66
11/28/2014,55.5672,6.5721
11/29/2014,74.7263,9.6236
11/30/2014,100,13.5964
12/1/2014,50.0826,25.0238
12/2/2014,62.1881,26.8575
12/3/2014,69.1765,23.086
12/4/2014,81.1354,50.4328
12/5/2014,100,44.9864
12/6/2014,100,42.0774
12/7/2014,83.844,30.9458
12/8/2014,100,29.6678
12/9/2014,93.9407,24.1505
12/10/2014,82.025,25.892
12/11/2014,81.2229,28.8499
12/12/2014,77.1443,22.919
12/13/2014,79.025,43.5802
12/14/2014,92.5108,36.8155
12/15/2014,100,29.7171
12/16/2014,85.146,27.7467
12/17/2014,70.0839,47.2558
12/18/2014,82.1984,50.8386
12/19/2014,85.1435,39.3126
12/20/2014,77.4013,34.8153
12/21/2014,71.8837,32.1646
12/22/2014,100,33.9668
12/23/2014,88.6852,30.089
12/24/2014,92.9393,12.548
12/25/2014,70.5096,14.1563
12/26/2014,99.0276,25.8623
12/27/2014,100,15.0332
12/28/2014,92.0251,15.7693
12/29/2014,85.2679,14.3863
12/30/2014,100,13.5098
12/31/2014,41.669,24.6588
1/1/2015,61.5509,46.0399
1/2/2015,77.3507,26.0333
1/3/2015,100,24.7692
1/4/2015,100,16.1522
1/5/2015,62.3521,11.7207
1/6/2015,65.2224,8.6087
1/7/2015,96.4478,8.3721
1/8/2015,43.9531,20.2786
1/9/2015,72.2605,30.3514
1/10/2015,45.5825,47.203
1/11/2015,58.9497,34.1019
1/12/2015,100,47.8263
1/13/2015,66.3182,53.059
1/14/2015,52.6075,32.4234
1/15/2015,84.3347,23.149
1/16/2015,87.21,18.1951
1/17/2015,94.6968,16.466
1/18/2015,81.7017,16.7497
1/19/2015,95.2618,18.7812
1/20/2015,96.7568,20.6551
1/21/2015,92.3179,21.3343
1/22/2015,100,22.255
1/23/2015,100,11.4514
1/24/2015,79.8246,8.1666
1/25/2015,100,7.5298
1/26/2015,99.6891,13.0037
1/27/2015,93.2687,35.1087
1/28/2015,72.874,41.9234
1/29/2015,100,44.6918
1/30/2015,94.177,85.2849
1/31/2015,62.6961,73.0609
2/1/2015,100,53.4662
2/2/2015,85.1072,37.9261
2/3/2015,70.5973,29.3039
2/4/2015,100,25.0295
2/5/2015,90.0088,19.3177
2/6/2015,59.2461,18.5537
2/7/2015,81.6674,19.7559
2/8/2015,100,19.7025
2/9/2015,100,18.1466
2/10/2015,87.608,19.3979
2/11/2015,100,16.3154
2/12/2015,69.1241,12.2125
2/13/2015,49.5803,14.2528
2/14/2015,100,15.5321
2/15/2015,37.4359,23.0776
2/16/2015,90.0961,30.2364
2/17/2015,100,33.3217
2/18/2015,92.1219,20.8579
2/19/2015,50.071,14.6169
2/20/2015,73.4099,15.264
2/21/2015,100,16.314
2/22/2015,100,26.2411
2/23/2015,40.3853,37.7767
2/24/2015,49.2748,36.5161
2/25/2015,100,16.5714
2/26/2015,100,10.727
2/27/2015,49.4749,12.0191
2/28/2015,71.1092,30.0156
3/1/2015,100,34.4005
3/2/2015,84.3003,56.9575
3/3/2015,100,50.6385
3/4/2015,100,27.104
3/5/2015,53.5121,15.9362
3/6/2015,49.459,7.5582
3/7/2015,65.0686,10.0469
3/8/2015,86.7303,13.694
3/9/2015,96.9161,13.2049
3/10/2015,100,11.0506
3/11/2015,85.0157,9.347
3/12/2015,81.2107,12.2294
3/13/2015,85.6017,13.4359
3/14/2015,100,14.4489
3/15/2015,93.5308,10.7456
3/16/2015,84.2273,8.8451
3/17/2015,77.2439,11.7428
3/18/2015,66.9615,20.6654
3/19/2015,97.737,47.3661
3/20/2015,97.3485,34.2555
3/21/2015,71.8542,21.9681
3/22/2015,85.6268,16.0869
3/23/2015,84.6556,12.688
3/24/2015,100,9.9253
3/25/2015,100,12.1124
3/26/2015,84.0147,10.1806
3/27/2015,66.4991,6.7922
3/28/2015,61.8254,6.2732
3/29/2015,99.1388,5.6135
3/30/2015,86.6003,6.0802
3/31/2015,71.0938,8.8481
4/1/2015,55.4808,13.0282
4/2/2015,100,10.8819
4/3/2015,100,7.8047
4/4/2015,70.5031,6.4034
4/5/2015,55.4032,7.7492
4/6/2015,77.1595,8.7408
4/7/2015,93.9038,8.6376
4/8/2015,100,12.9991
4/9/2015,100,8.2992
4/10/2015,65.3074,6.0952
4/11/2015,45.6467,10.6394
4/12/2015,71.9729,20.2289
4/13/2015,88.8462,19.0499
4/14/2015,57.1163,12.9168
4/15/2015,72.4255,13.6173
4/16/2015,83.6351,5.8207
4/17/2015,78.0754,5.5758
4/18/2015,99.5654,5.6852
4/19/2015,100,5.695
4/20/2015,66.5986,5.9221
4/21/2015,68.2315,8.3183
4/22/2015,74.2141,9.2954
4/23/2015,51.9083,14.6814
4/24/2015,71.604,25.4953
4/25/2015,100,25.0437
4/26/2015,87.9489,35.5567
4/27/2015,66.7682,15.403
4/28/2015,65.7733,12.5169
4/29/2015,69.3883,10.8933
4/30/2015,72.0958,8.5531
5/1/2015,61.3638,6.5723
5/2/2015,64.5021,11.1123
5/3/2015,72.7344,16.945
5/4/2015,87.7991,29.0886
5/5/2015,73.3942,30.2465
5/6/2015,82.8726,23.0339
5/7/2015,82.6109,19.2864
5/8/2015,100,28.9139
5/9/2015,92.3215,22.2957
5/10/2015,100,15.0403
5/11/2015,100,10.5978
5/12/2015,67.9846,12.0536
5/13/2015,70.0239,20.1168
5/14/2015,81.7218,22.3835
5/15/2015,91.3165,37.8522
5/16/2015,100,41.7347
5/17/2015,100,24.9223
5/18/2015,100,19.1108
5/19/2015,79.2325,19.424
5/20/2015,100,11.8285
5/21/2015,91.6304,12.7304
5/22/2015,66.3644,24.3887
5/23/2015,80.3094,21.7857
5/24/2015,94.6601,20.8439
5/25/2015,93.4845,18.6001
5/26/2015,99.6209,15.1527
5/27/2015,80.4346,9.8969
5/28/2015,87.8541,7.9602
5/29/2015,100,5.4449
5/30/2015,100,7.0712
5/31/2015,93.5513,7.6334
6/1/2015,89.7588,7.6005
6/2/2015,91.7805,5.477
6/3/2015,92.9236,9.8278
6/4/2015,100,5.6975
6/5/2015,100,21.2322
6/6/2015,91.1395,17.1022
6/7/2015,100,10.5497
6/8/2015,100,10.2137
6/9/2015,66.3993,20.9946
6/10/2015,75.041,38.1733
6/11/2015,90.169,26.5167
6/12/2015,100,14.6817
6/13/2015,88.1425,11.982
6/14/2015,87.1052,9.4922
6/15/2015,93.7827,8.9401
6/16/2015,89.0759,8.3778
6/17/2015,90.4041,7.2437
6/18/2015,98.0532,6.5745
6/19/2015,90.5498,6.0996
6/20/2015,85.7297,4.2757
6/21/2015,90.2048,10.7399
6/22/2015,92.9282,12.0996
6/23/2015,100,10.1028
6/24/2015,86.1113,6.8927
6/25/2015,100,10.2851
6/26/2015,100,14.4812
6/27/2015,87.7249,15.4314
6/28/2015,85.4806,14.6453
6/29/2015,92.827,18.328
6/30/2015,77.2793,19.7834
7/1/2015,95.7538,22.8745
7/2/2015,100,20.8127
7/3/2015,100,23.8887
7/4/2015,85.3737,18.1712
7/5/2015,86.5812,21.6387
7/6/2015,100,22.7944
7/7/2015,100,16.6719
7/8/2015,100,12.1357
7/9/2015,98.4583,14.7888
7/10/2015,95.3072,14.9803
7/11/2015,91.0398,15.7285
7/12/2015,91.3381,13.3032
7/13/2015,91.6547,12.0611
7/14/2015,100,13.6951
7/15/2015,100,15.2089
7/16/2015,91.889,14.7781
7/17/2015,88.6243,17.7955
7/18/2015,94.6864,28.6789
7/19/2015,99.8671,34.5001
7/20/2015,100,27.5462
7/21/2015,100,21.0621
7/22/2015,88.0861,15.9796
7/23/2015,95.1808,17.2882
7/24/2015,97.6695,18.3533
7/25/2015,89.7825,11.6101
7/26/2015,94.4665,5.5953
7/27/2015,84.6875,11.1383
7/28/2015,98.1339,17.6047
7/29/2015,100,21.8281
7/30/2015,85.9364,21.4785
7/31/2015,83.2371,17.5079
8/1/2015,82.9666,21.2556
8/2/2015,89.5839,16.1869
8/3/2015,87.8625,11.5088
8/4/2015,86.289,8.6368
8/5/2015,100,9.3376
8/6/2015,89.194,16.3578
8/7/2015,86.853,17.8611
8/8/2015,91.6496,25.7438
8/9/2015,96.5077,17.593
8/10/2015,100,16.6918
8/11/2015,100,23.7218
8/12/2015,93.2803,18.6894
8/13/2015,96.0111,13.2492
8/14/2015,98.4676,10.4057
8/15/2015,91.6106,11.5861
8/16/2015,81.9465,13.6225
8/17/2015,80.0143,18.3404
8/18/2015,100,18.4316
8/19/2015,100,16.6869
8/20/2015,76.8856,16.6322
8/21/2015,80.287,22.2059
8/22/2015,100,22.2899
8/23/2015,100,18.2961
8/24/2015,87.1268,17.7998
8/25/2015,74.7539,23.6191
8/26/2015,85.2703,24.0758
8/27/2015,96.4262,19.0022
8/28/2015,93.2835,17.6469
8/29/2015,100,13.7023
8/30/2015,100,17.4166
8/31/2015,94.0529,19.1145
9/1/2015,79.5244,23.7525
9/2/2015,81.4645,20.1542
9/3/2015,80.1928,16.6735
9/4/2015,77.1042,24.5928
9/5/2015,78.0516,30.4476
9/6/2015,77.7589,22.9057
9/7/2015,85.2232,23.7477
9/8/2015,100,19.4202
9/9/2015,100,27.6195
9/10/2015,100,33.365
9/11/2015,100,22.2358
9/12/2015,74.6021,18.7083
9/13/2015,73.845,19.0985
9/14/2015,67.3595,26.5805
9/15/2015,71.5311,29.8424
9/16/2015,79.2509,26.6896
9/17/2015,79.4938,23.8326
9/18/2015,100,16.465
9/19/2015,97.6894,12.3372
9/20/2015,76.0405,17.0274
9/21/2015,78.6285,32.8631
9/22/2015,84.1702,36.6774
9/23/2015,83.133,28.1304
9/24/2015,79.2962,17.0601
9/25/2015,92.6999,13.751
9/26/2015,86.5246,12.8455
9/27/2015,91.7805,13.6614
9/28/2015,97.0688,14.0037
9/29/2015,91.0766,13.6954
9/30/2015,100,10.3035
10/1/2015,83.0755,9.9262
10/2/2015,73.2866,12.538
10/3/2015,74.5727,13.1539
10/4/2015,76.9586,19.617
10/5/2015,74.9971,31.5336
10/6/2015,98.3026,41.4703
10/7/2015,94.3809,33.6877
10/8/2015,89.7915,20.3949
10/9/2015,100,16.8903
10/10/2015,93.6493,18.8699
10/11/2015,71.1665,19.1233
10/12/2015,100,19.7533
10/13/2015,56.4823,23.9195
10/14/2015,60.1359,21.6105
10/15/2015,73.8889,18.2456
10/16/2015,54.7013,18.3523
10/17/2015,40.421,26.2076
10/18/2015,42.6801,26.9727
10/19/2015,47.6868,37.0694
10/20/2015,47.1413,47.7502
10/21/2015,75.0821,36.9335
10/22/2015,86.4182,33.694
10/23/2015,100,27.1845
10/24/2015,100,17.631
10/25/2015,80.8847,16.8523
10/26/2015,74.6649,18.4718
10/27/2015,79.2175,16.1609
10/28/2015,100,15.7511
10/29/2015,78.6441,24.777
10/30/2015,70.3378,25.8836
10/31/2015,100,18.1625
11/1/2015,100,15.1679
11/2/2015,78.0131,14.3703
11/3/2015,73.3998,19.6676
11/4/2015,76.5126,32.8221
11/5/2015,100,35.0139
11/6/2015,100,20.3069
11/7/2015,86.6922,12.6725
11/8/2015,79.6529,13.5809
11/9/2015,74.0105,14.2043
11/10/2015,72.8968,22.397
11/11/2015,100,23.053
11/12/2015,82.259,10.0282
11/13/2015,60.5545,7.8443
11/14/2015,58.0315,9.0001
11/15/2015,56.3802,37.2133
11/16/2015,82.8522,63.3208
11/17/2015,100,22.6811
11/18/2015,100,18.0524
11/19/2015,81.4289,14.447
11/20/2015,69.3216,15.7266
11/21/2015,100,13.0147
11/22/2015,66.7856,10.4451
11/23/2015,75.0038,13.5025
11/24/2015,65.8868,14.7977
11/25/2015,63.0157,21.6381
11/26/2015,100,37.5712
11/27/2015,100,30.3293
11/28/2015,71.9724,22.2328
11/29/2015,74.6057,25.7625
11/30/2015,100,18.6161
12/1/2015,86.9746,12.0392
12/2/2015,100,8.7194
12/3/2015,100,4.7647
12/4/2015,99.6039,5.462
12/5/2015,81.8778,7.1432
12/6/2015,100,7.2177
12/7/2015,100,7.1884
12/8/2015,91.8744,8.7483
12/9/2015,99.0452,11.6298
12/10/2015,100,10.4214
12/11/2015,86.8218,23.7375
12/12/2015,75.7774,44.2044
12/13/2015,100,26.0719
12/14/2015,100,35.5327
12/15/2015,100,25.8706
12/16/2015,100,20.436
12/17/2015,93.7195,19.9427
12/18/2015,84.2489,11.2488
12/19/2015,89.5708,14.858
12/20/2015,70.3557,24.7284
12/21/2015,100,30.7816
12/22/2015,97.3014,41.6994
12/23/2015,100,45.9614
12/24/2015,100,46.3408
12/25/2015,88.2031,42.4844
12/26/2015,100,19.1893
12/27/2015,89.4667,10.0882
12/28/2015,98.1044,13.3107
12/29/2015,86.2797,24.8947
12/30/2015,91.4345,19.9864
12/31/2015,93.1701,20.4735
1/1/2016,86.4844,16.5634
1/2/2016,87.8872,19.1353
1/3/2016,90.113,21.9895
1/4/2016,87.7471,49.3537
1/5/2016,81.9865,70.6067
1/6/2016,78.5147,54.0267
1/7/2016,88.3497,65.3536
1/8/2016,100,51.506
1/9/2016,100,39.5067
1/10/2016,75.476,40.4907
1/11/2016,79.6039,29.58
1/12/2016,86.3143,19.0679
1/13/2016,88.8786,17.9635
1/14/2016,99.8267,20.8641
1/15/2016,100,28.9185
1/16/2016,73.3778,31.8369
1/17/2016,93.6271,26.7231
1/18/2016,64.479,25.2062
1/19/2016,69.5866,23.5862
1/20/2016,85.6384,23.6834
1/21/2016,100,19.8316
1/22/2016,94.9145,10.8544
1/23/2016,86.2745,11.8465
1/24/2016,84.3493,20.1832
1/25/2016,94.4131,19.8016
1/26/2016,100,11.0778
1/27/2016,100,8.7449
1/28/2016,100,10.2794
1/29/2016,100,12.6942
1/30/2016,100,12.4711
1/31/2016,100,16.2082
2/1/2016,100,10.9111
2/2/2016,100,6.2075
2/3/2016,96.1956,4.0224
2/4/2016,72.9593,3.1663
2/5/2016,83.6344,4.384
2/6/2016,71.2401,8.4196
2/7/2016,97.2459,5.911
2/8/2016,100,6.6875
2/9/2016,77.7154,5.7713
2/10/2016,41.8402,5.6931
2/11/2016,40.1645,8.4326
2/12/2016,73.0498,10.3316
2/13/2016,34.1331,11.0152
2/14/2016,84.379,10.8511
2/15/2016,100,9.9633
2/16/2016,96.9913,11.72
2/17/2016,79.4138,13.2207
2/18/2016,100,15.4095
2/19/2016,98.2125,26.3253
2/20/2016,100,20.6799
2/21/2016,86.2876,12.244
2/22/2016,57.4085,8.027
2/23/2016,78.8235,10.6636
2/24/2016,100,11.7483
2/25/2016,100,11.8044
2/26/2016,95.1707,10.6255
2/27/2016,100,12.9685
2/28/2016,100,12.1678
2/29/2016,100,15.8007
3/1/2016,93.5257,11.0111
3/2/2016,84.0468,11.1676
3/3/2016,100,8.888
3/4/2016,100,7.4388
3/5/2016,71.5937,9.3478
3/6/2016,78.6068,15.9152
3/7/2016,77.2729,21.0933
3/8/2016,100,19.6086
3/9/2016,92.5457,11.2572
3/10/2016,97.4923,7.8184
3/11/2016,88.4397,8.0166
3/12/2016,90.2737,19.746
3/13/2016,100,11.7067
3/14/2016,98.1446,14.515
3/15/2016,100,10.7245
3/16/2016,58.9279,5.4574
3/17/2016,47.7761,4.6864
3/18/2016,83.8578,5.7766
3/19/2016,55.2152,7.7057
3/20/2016,69.4989,5.9544
3/21/2016,80.968,4.9721
3/22/2016,72.5921,10.0785
3/23/2016,100,8.5101
3/24/2016,92.9788,4.4748
3/25/2016,90.1784,4.5515
3/26/2016,100,5.7166
3/27/2016,100,6.4786
3/28/2016,78.143,11.1318
3/29/2016,56.4759,20.892
3/30/2016,92.4278,17.7119
3/31/2016,100,14.191
4/1/2016,80.7064,10.4273
4/2/2016,74.2292,8.7418
4/3/2016,69.3247,6.5444
4/4/2016,65.7841,6.0374
4/5/2016,81.9186,6.5959
4/6/2016,61.7551,3.8825
4/7/2016,64.9801,10.0465
4/8/2016,64.3172,31.2438
4/9/2016,80.882,27.197
4/10/2016,90.596,44.1122
4/11/2016,100,35.0006
4/12/2016,67.9163,23.9966
4/13/2016,93.18,17.3848
4/14/2016,90.6937,12.6222
4/15/2016,80.9987,11.878
4/16/2016,83.5303,10.1222
4/17/2016,75.2332,10.3227
4/18/2016,86.0913,7.5145
4/19/2016,80.497,5.7509
4/20/2016,87.1193,4.8593
4/21/2016,75.7551,3.7141
4/22/2016,74.5552,4.5901
4/23/2016,78.612,10.5109
4/24/2016,73.5125,8.1532
4/25/2016,83.762,10.5627
4/26/2016,100,13.3403
4/27/2016,100,12.285
4/28/2016,71.822,17.345
4/29/2016,82.8892,17.4819
4/30/2016,100,20.4289
5/1/2016,83.4978,24.1521
5/2/2016,100,16.9104
5/3/2016,88.4837,12.3947
5/4/2016,78.9557,7.1643
5/5/2016,74.8848,7.7853
5/6/2016,83.0628,22.6283
5/7/2016,77.191,25.6923
5/8/2016,85.1359,24.0866
5/9/2016,100,18.493
5/10/2016,100,14.4523
5/11/2016,100,11.9534
5/12/2016,80.7658,7.5211
5/13/2016,100,6.9398
5/14/2016,64.3674,10.1841
5/15/2016,69.2134,12.358
5/16/2016,89.9661,13.3101
5/17/2016,100,16.3623
5/18/2016,100,20.3061
5/19/2016,90.7993,16.4395
5/20/2016,100,11.8506
5/21/2016,86.44,11.6063
5/22/2016,83.5248,13.2981
5/23/2016,87.1781,12.9162
5/24/2016,96.7545,12.542
5/25/2016,100,11.0052
5/26/2016,100,13.4481
5/27/2016,100,10.8429
5/28/2016,96.9525,8.752
5/29/2016,80.8499,8.343
5/30/2016,89.4664,12.1272
5/31/2016,90.201,9.7684
6/1/2016,98.0844,8.8375
6/2/2016,83.4622,6.7198
6/3/2016,89.6678,4.7663
6/4/2016,88.7839,2.8115
6/5/2016,82.917,2.2795
6/6/2016,81.6058,2.535
6/7/2016,75.9446,4.8242
6/8/2016,85.6917,9.2368
6/9/2016,83.5491,11.8754
6/10/2016,85.6507,18.5352
6/11/2016,88.8213,18.7264
6/12/2016,94.2291,11.7787
6/13/2016,90.8386,9.3302
6/14/2016,89.0801,8.26
6/15/2016,95.904,5.9939
6/16/2016,100,7.2078
6/17/2016,88.8886,5.6464
6/18/2016,98.9046,3.8937
6/19/2016,91.2679,3.094
6/20/2016,87.4402,5.1346
6/21/2016,80.3657,9.1774
6/22/2016,78.8499,8.0818
6/23/2016,100,8.2585
6/24/2016,89.0068,9.8991
6/25/2016,80.1414,11.0002
6/26/2016,96.2841,13.1258
6/27/2016,89.6819,12.864
6/28/2016,89.0686,12.4743
6/29/2016,73.1079,18.9265
6/30/2016,93.8056,30.5647
7/1/2016,76.5874,28.1119
7/2/2016,99.8699,21.0737
7/3/2016,100,13.2734
7/4/2016,100,11.0574
7/5/2016,100,8.0716
7/6/2016,100,11.012
7/7/2016,100,13.7235
7/8/2016,100,9.633
7/9/2016,97.1112,8.0702
7/10/2016,93.5966,6.8197
7/11/2016,100,4.9829
7/12/2016,100,5.2981
7/13/2016,96.0521,7.7873
7/14/2016,100,8.44
7/15/2016,90.0808,9.3048
7/16/2016,81.2832,11.9097
7/17/2016,85.8544,14.8539
7/18/2016,83.8954,16.5307
7/19/2016,81.5532,15.9091
7/20/2016,81.6061,15.684
7/21/2016,80.4546,13.0654
7/22/2016,77.2714,11.6349
7/23/2016,72.7345,11.838
7/24/2016,84.9193,18.004
7/25/2016,97.5992,18.0692
7/26/2016,84.179,15.2306
7/27/2016,87.666,14.5107
7/28/2016,100,15.1376
7/29/2016,96.6266,17.1036
7/30/2016,82.0553,27.4904
7/31/2016,88.7374,28.2664
8/1/2016,85.9735,30.6602
8/2/2016,80.2282,31.4853
8/3/2016,74.4243,33.3342
8/4/2016,70.7253,30.0509
8/5/2016,87.9068,30.974
8/6/2016,86.375,20.7666
8/7/2016,95.2156,14.5995
8/8/2016,93.268,10.2238
8/9/2016,95.1195,28.3954
8/10/2016,92.1567,32.911
8/11/2016,88.773,36.3989
8/12/2016,100,25.2346
8/13/2016,94.6974,18.6858
8/14/2016,82.6353,16.6958
8/15/2016,97.1298,14.7935
8/16/2016,96.9639,12.076
8/17/2016,89.7533,12.9465
8/18/2016,83.7449,16.0504
8/19/2016,100,17.6314
8/20/2016,100,22.4358
8/21/2016,79.8032,23.318
8/22/2016,83.0329,22.3334
8/23/2016,85.2747,23.6387
8/24/2016,97.1023,17.7726
8/25/2016,100,17.5011
8/26/2016,98.186,22.9196
8/27/2016,92.7773,18.9173
8/28/2016,97.9947,14.1773
8/29/2016,91.8034,11.1244
8/30/2016,94.7071,10.3574
8/31/2016,100,14.6058
9/1/2016,100,19.2353
9/2/2016,86.1281,20.0961
9/3/2016,80.4017,12.0249
9/4/2016,74.8727,8.5617
9/5/2016,80.7641,7.8333
9/6/2016,74.7991,14.8742
9/7/2016,76.761,38.2619
9/8/2016,100,30.2352
9/9/2016,100,18.5135
9/10/2016,100,12.3916
9/11/2016,82.6776,10.2089
9/12/2016,74.1557,12.8286
9/13/2016,82.7832,18.4359
9/14/2016,85.2258,17.5536
9/15/2016,98.6509,9.455
9/16/2016,100,6.4591
9/17/2016,100,7.7865
9/18/2016,94.9778,6.2114
9/19/2016,96.9859,13.0885
9/20/2016,86.9999,32.2304
9/21/2016,94.3983,24.9342
9/22/2016,87.7813,42.6644
9/23/2016,81.7121,19.7812
9/24/2016,89.8146,8.3182
9/25/2016,100,7.3959
9/26/2016,71.6,16.4152
9/27/2016,82.4522,22.8414
9/28/2016,92.2797,19.3277
9/29/2016,92.9269,22.8448
9/30/2016,89.6982,20.9217
10/1/2016,94.982,19.7683
10/2/2016,100,32.7325
10/3/2016,83.4084,21.5346
10/4/2016,91.8264,9.4379
10/5/2016,100,14.9287
10/6/2016,100,16.0266
10/7/2016,100,8.9138
10/8/2016,84.6821,12.0559
10/9/2016,75.6141,15.6443
10/10/2016,73.9012,15.2966
10/11/2016,83.3747,13.2243
10/12/2016,100,12.7372
10/13/2016,100,8.6819
10/14/2016,100,7.3222
10/15/2016,88.771,9.1714
10/16/2016,85.1684,12.1571
10/17/2016,100,17.1731
10/18/2016,84.3829,21.4926
10/19/2016,100,14.7116
10/20/2016,100,6.1986
10/21/2016,94.2159,9.0639
10/22/2016,86.5765,10.8108
10/23/2016,85.1258,12.7438
10/24/2016,85.9513,19.5496
10/25/2016,98.1695,25.5023
10/26/2016,100,19.7018
10/27/2016,100,14.5834
10/28/2016,85.6152,16.1661
10/29/2016,94.0273,17.1301
10/30/2016,88.3318,21.3259
10/31/2016,78.8589,29.7169
11/1/2016,70.0005,22.2285
11/2/2016,95.7486,14.1827
11/3/2016,100,18.6478
11/4/2016,79.514,32.1542
11/5/2016,86.9067,26.4145
11/6/2016,71.6748,21.7324
11/7/2016,72.1326,19.0263
11/8/2016,100,13.576
11/9/2016,85.007,12.4695
11/10/2016,89.1727,13.5037
11/11/2016,97.0433,16.2919
11/12/2016,85.4296,15.4773
11/13/2016,100,13.4986
11/14/2016,100,11.4573
11/15/2016,100,9.2103
11/16/2016,100,11.0664
11/17/2016,92.965,12.1357
11/18/2016,100,4.4237
11/19/2016,68.4242,5.4501
11/20/2016,70.4062,22.3766
11/21/2016,65.5488,47.2785
11/22/2016,87.4856,30.9887
11/23/2016,87.2674,24.7535
11/24/2016,73.1801,15.154
11/25/2016,91.3465,6.7434
11/26/2016,88.8614,19.6968
11/27/2016,78.102,37.9179
11/28/2016,100,47.9426
11/29/2016,80.5702,27.1801
11/30/2016,85.9056,15.308
12/1/2016,77.9872,15.5172
12/2/2016,63.4226,19.7167
12/3/2016,69.8034,15.3473
12/4/2016,100,12.5194
12/5/2016,100,14.2941
12/6/2016,71.6543,25.5495
12/7/2016,87.9689,37.4548
12/8/2016,70.0929,35.6464
12/9/2016,76.9188,27.1901
12/10/2016,54.2703,24.8515
12/11/2016,100,22.8525
12/12/2016,100,23.7515
12/13/2016,99.7383,26.7472
12/14/2016,68.9098,26.3455
12/15/2016,32.4825,23.5615
12/16/2016,89.5908,42.6161
12/17/2016,100,40.098
12/18/2016,89.9892,18.355
12/19/2016,92.2808,12.7018
12/20/2016,54.4744,16.225
12/21/2016,64.7798,38.1884
12/22/2016,78.2215,68.4548
12/23/2016,97.8968,67.5655
12/24/2016,96.0059,57.0018
12/25/2016,100,42.3875
12/26/2016,100,28.0309
12/27/2016,83.7997,22.5207
12/28/2016,91.7599,33.1288
12/29/2016,66.1109,18.9826
12/30/2016,66.6891,30.6153
12/31/2016,93.6856,61.7545
1/1/2017,100,74.7
1/2/2017,100,59
1/3/2017,100,50.1
1/4/2017,61.6,38.8
1/5/2017,100,36.5
1/6/2017,84.2,41
1/7/2017,94,27.1
1/8/2017,63.9,18
1/9/2017,84.8,30.5
1/10/2017,100,31.8
1/11/2017,100,32
1/12/2017,77.8,33
1/13/2017,65,38.1
1/14/2017,86.4,40.1
1/15/2017,79.9,59.3
1/16/2017,100,52.5
1/17/2017,93.4,44
1/18/2017,94.8,33.3
1/19/2017,93.9,50.4
1/20/2017,100,66.6
1/21/2017,92.7,45.2
1/22/2017,100,36.2
1/23/2017,100,43.4
1/24/2017,100,37.4
1/25/2017,91.7,27.5
1/26/2017,72,20.7
1/27/2017,63.1,14.7
1/28/2017,70.1,10.8
1/29/2017,86.5,10.3
1/30/2017,96.2,10
1/31/2017,78.2,11.9
2/1/2017,91.2,12.4
2/2/2017,51.9,16.5
2/3/2017,43.2,20.1
2/4/2017,66.2,18.3
2/5/2017,100,16.5
2/6/2017,100,31.2
2/7/2017,100,32.8
2/8/2017,100,31.3
2/9/2017,72.1,27.3
2/10/2017,63.1,24.4
2/11/2017,100,28.3
2/12/2017,87.1,39.1
2/13/2017,51,32.4
2/14/2017,86.9,28.7
2/15/2017,62.9,19.7
2/16/2017,66,15
2/17/2017,71.8,19.8
2/18/2017,100,49.4
2/19/2017,100,61.4
2/20/2017,100,45.8
2/21/2017,100,32.2
2/22/2017,81.3,26.1
2/23/2017,100,22.4
2/24/2017,100,17.2
2/25/2017,57.4,15.2
2/26/2017,77.4,16.5
2/27/2017,100,31.8
2/28/2017,100,44
3/1/2017,79.8,26.3
3/2/2017,58.4,12.6
3/3/2017,64.3,13.8
3/4/2017,44.3,16.2
3/5/2017,60.6,20
3/6/2017,100,24.7
3/7/2017,38.9,15.3
3/8/2017,43.8,12.4
3/9/2017,100,12.2
3/10/2017,50.9,11.9
3/11/2017,59.8,11.5
3/12/2017,77.2,11.8
3/13/2017,86.1,11.1
3/14/2017,78.6,9.7
3/15/2017,58.5,10
3/16/2017,100,9.8
3/17/2017,94.4,10
3/18/2017,49.8,8.8
3/19/2017,71.6,7.6
3/20/2017,92.4,9
3/21/2017,81.3,10.4
3/22/2017,50.7,20.8
3/23/2017,63.1,26.4
3/24/2017,100,16.5
3/25/2017,96.4,12
3/26/2017,83.6,13.6
3/27/2017,87.2,15.9
3/28/2017,79.5,17.5
3/29/2017,100,10.1
3/30/2017,88,7.1
3/31/2017,74.8,18.2
4/1/2017,77.5,16.2
4/2/2017,77.9,14
4/3/2017,95.1,12.6
4/4/2017,84.1,11
4/5/2017,82.3,6.9
4/6/2017,83.6,5.9
4/7/2017,84,5.6
4/8/2017,58.9,10
4/9/2017,85.3,15.9
4/10/2017,100,6.9
4/11/2017,84.1,4.6
4/12/2017,82.6,5.6
4/13/2017,78.8,7.6
4/14/2017,71.4,9.7
4/15/2017,78.8,8.8
4/16/2017,85.9,7.6
4/17/2017,70.5,5.9
4/18/2017,79.1,9.2
4/19/2017,87.4,11.7
4/20/2017,97,7.4
4/21/2017,89.1,5.3
4/22/2017,86.7,5
4/23/2017,71.2,4.1
4/24/2017,62.5,5.2
4/25/2017,100,12.3
4/26/2017,100,8.3
4/27/2017,85.9,11.3
4/28/2017,100,10.6
4/29/2017,96.1,6.8
4/30/2017,100,6.1
5/1/2017,90,4.9
5/2/2017,74.4,5.4
5/3/2017,100,7
5/4/2017,89.7,6.8
5/5/2017,67.9,5.8
5/6/2017,92.4,8.3
5/7/2017,98.2,29.5
5/8/2017,91.2,19.8
5/9/2017,87.7,31.4
5/10/2017,98.3,26.4
5/11/2017,100,19.4
5/12/2017,100,13.4
5/13/2017,96.3,9.3
5/14/2017,87.7,9.9
5/15/2017,88.4,14.1
5/16/2017,79.9,18.8
5/17/2017,86.4,15
5/18/2017,93.2,13.4
5/19/2017,100,8.9
5/20/2017,100,7.6
5/21/2017,80.6,6.3
5/22/2017,83,5.4
5/23/2017,97.6,5.5
5/24/2017,94.3,4.9
5/25/2017,98.8,5
5/26/2017,94.3,9.7
5/27/2017,100,8.8
5/28/2017,92.7,5.4
5/29/2017,81.1,4.4
5/30/2017,84.5,6.9
5/31/2017,88.2,9.6
6/1/2017,100,9.8
6/2/2017,94.6,9.3
6/3/2017,91.7,8.3
6/4/2017,97.4,8.1
6/5/2017,100,7.8
6/6/2017,100,8.1
6/7/2017,85.1,7.7
6/8/2017,77.5,8.1
6/9/2017,77.1,6.6
6/10/2017,92.4,9.8
6/11/2017,96.9,12.2
6/12/2017,89.6,15.2
6/13/2017,99.5,7
6/14/2017,100,3
6/15/2017,100,2.7
6/16/2017,100,3
6/17/2017,100,4
6/18/2017,99.7,4.2
6/19/2017,80.9,3.4
6/20/2017,84,4.2
6/21/2017,86.6,6
6/22/2017,96.1,9.7
6/23/2017,100,10.6
6/24/2017,68.1,7.7
6/25/2017,81,8.2
6/26/2017,91.9,10.5
6/27/2017,100,6.4
6/28/2017,88.7,6.7
6/29/2017,100,7.7
6/30/2017,100,6.4
7/1/2017,87.3,3.9
7/2/2017,100,4.9
7/3/2017,99,12.2
7/4/2017,97.2,10.1
7/5/2017,100,9.4
7/6/2017,96.8,10.2
7/7/2017,100,7.3
7/8/2017,82,9.7
7/9/2017,86.7,18.8
7/10/2017,88.4,18.4
7/11/2017,82,22.2
7/12/2017,80.3,18.4
7/13/2017,100,18.4
7/14/2017,100,19.6
7/15/2017,100,21
7/16/2017,99.5,26.5
7/17/2017,90.9,31.9
7/18/2017,88.9,29.5
7/19/2017,82.2,28.8
7/20/2017,77.4,25.7
7/21/2017,76,24.3
7/22/2017,97.5,21.8
7/23/2017,96.5,25.4
7/24/2017,82,48.8
7/25/2017,83.1,31.1
7/26/2017,87.5,19.4
7/27/2017,96.8,16.9
7/28/2017,100,26.9
7/29/2017,92.7,26.9
7/30/2017,86.1,33.5
7/31/2017,84.9,23.9
8/1/2017,90.7,26.5
8/2/2017,90.3,34.3
8/3/2017,100,28.8
8/4/2017,69.6,27.3
8/5/2017,100,22
8/6/2017,100,19.3
8/7/2017,100,14.4
8/8/2017,88.9,9.9
8/9/2017,86.6,9.7
8/10/2017,96.2,18.7
8/11/2017,100,20.1
8/12/2017,96.2,26.6
8/13/2017,90.1,31.2
8/14/2017,100,25
8/15/2017,99.3,15.9
8/16/2017,100,13.6
8/17/2017,100,10
8/18/2017,93.4,8.1
8/19/2017,87.3,11.6
8/20/2017,99.5,17.9
8/21/2017,100,16
8/22/2017,100,12.7
8/23/2017,96,16.4
8/24/2017,93.8,20.7
8/25/2017,81.4,13.6
8/26/2017,92.6,11.3
8/27/2017,100,13
8/28/2017,100,10.7
8/29/2017,100,10.3
8/30/2017,100,10.6
8/31/2017,100,8.3
9/1/2017,88.8,6.5
9/2/2017,88.1,18.1
9/3/2017,88,21.5
9/4/2017,100,22.2
9/5/2017,88,17.3
9/6/2017,75.1,12.1
9/7/2017,86,14.8
9/8/2017,81.8,22.7
9/9/2017,82.5,27.5
9/10/2017,92.9,18.4
9/11/2017,89,15.2
9/12/2017,80.2,11.2
9/13/2017,77.5,13
9/14/2017,66.9,16.3
9/15/2017,72.7,17.5
9/16/2017,91.3,17.1
9/17/2017,100,17.5
9/18/2017,95.1,12.5
9/19/2017,90.3,10.5
9/20/2017,84.3,12.8
9/21/2017,91,13.5
9/22/2017,92.3,21.7
9/23/2017,82.6,15.6
9/24/2017,79.1,7.8
9/25/2017,84.7,4.8
9/26/2017,100,5.6
9/27/2017,100,5.7
9/28/2017,77.8,6.9
9/29/2017,77.7,9.3
9/30/2017,72.5,8.7
10/1/2017,64,9.1
10/2/2017,75.6,15.2
10/3/2017,85.2,11
10/4/2017,93.4,9.9
10/5/2017,91.9,9.3
10/6/2017,100,4.7
10/7/2017,100,2.1
10/8/2017,83.2,4
10/9/2017,100,11.9
10/10/2017,95.2,8.7
10/11/2017,84.3,8.3
10/12/2017,100,7.8
10/13/2017,88.5,7.2
10/14/2017,100,7.4
10/15/2017,100,5.1
10/16/2017,80,5.6
10/17/2017,76.3,12.9
10/18/2017,79.5,13.9
10/19/2017,82.4,10.5
10/20/2017,78.3,17.9
10/21/2017,100,17.6
10/22/2017,84.6,7.9
10/23/2017,67.5,4.4
10/24/2017,68.6,4.4
10/25/2017,82.9,7.4
10/26/2017,100,8
10/27/2017,77.7,6.8
10/28/2017,66.1,5.6
10/29/2017,83.8,6.8
10/30/2017,100,12.3
10/31/2017,84.6,23.1
11/1/2017,100,25.2
11/2/2017,100,28.5
11/3/2017,94,29.3
11/4/2017,100,24.7
11/5/2017,100,28.4
11/6/2017,92.5,22
11/7/2017,92.1,23.3
11/8/2017,76.9,23.5
11/9/2017,89,20.2
11/10/2017,71.6,16.8
11/11/2017,73.5,13
11/12/2017,78.5,11
11/13/2017,76.5,8.7
11/14/2017,85.6,6.9
11/15/2017,100,8.4
11/16/2017,83.2,8.2
11/17/2017,100,13.7
11/18/2017,100,18.4
11/19/2017,74.1,9.9
11/20/2017,53.5,10.2
11/21/2017,100,9
11/22/2017,77.4,5.8
11/23/2017,65.8,7.5
11/24/2017,86.6,8.5
11/25/2017,86.6,9.1
11/26/2017,75.9,7.6
11/27/2017,66.8,10.3
11/28/2017,79.7,15.8
11/29/2017,88.3,14.1
11/30/2017,93.7,14.8
12/1/2017,85.8,12.9
12/2/2017,100,11.9
12/3/2017,100,19.8
12/4/2017,100,23.3
12/5/2017,49.7,21.6
12/6/2017,92.7,13.2
12/7/2017,65.6,3.9
12/8/2017,68.3,3.5
12/9/2017,72,3.3
12/10/2017,63.9,4.1
12/11/2017,84.8,4
12/12/2017,79,2.5
12/13/2017,76.2,2.5
12/14/2017,69.9,5.3
12/15/2017,73.8,6.4
12/16/2017,62.2,9.7
12/17/2017,93,35.6
12/18/2017,83.4,31.1
12/19/2017,92.5,23.8
12/20/2017,96.9,20.3
12/21/2017,100,21.7
12/22/2017,100,10.3
12/23/2017,92.3,10.2
12/24/2017,84.8,6.2
12/25/2017,71.3,7.3
12/26/2017,100,5.6
12/27/2017,69.6,5.4
12/28/2017,65.5,5.3
12/29/2017,100,4.5
12/30/2017,100,4.2
12/31/2017,22,9.5
1/1/2018,64.6,9.3
1/2/2018,56.4,9.1
1/3/2018,81.4,6.7
1/4/2018,69.6,7.6
1/5/2018,70.5,11.2
1/6/2018,82.1,13.7
1/7/2018,100,15.7
1/8/2018,100,18.6
1/9/2018,100,24.6
1/10/2018,100,47.3
1/11/2018,100,34.1
1/12/2018,60.8,27.4
1/13/2018,57.4,15.6
1/14/2018,91.3,10.4
1/15/2018,100,12.5
1/16/2018,91.7,14.3
1/17/2018,100,13.3
1/18/2018,73,11.9
1/19/2018,62.8,10.9
1/20/2018,65.9,25.8
1/21/2018,100,19.8
1/22/2018,100,12.9
1/23/2018,82.6,7.3
1/24/2018,79.8,4.2
1/25/2018,54,3.2
1/26/2018,100,10.9
1/27/2018,100,8.7
1/28/2018,100,4.3
1/29/2018,79.8,3
1/30/2018,74.1,4.4
1/31/2018,72.5,5.9
2/1/2018,100,6.2
2/2/2018,68,6.6
2/3/2018,64.1,7.5
2/4/2018,100,9.4
2/5/2018,100,10
2/6/2018,100,11.2
2/7/2018,99.9,9
2/8/2018,83.4,4
2/9/2018,100,4.2
2/10/2018,84.6,6.8
2/11/2018,84.7,12.9
2/12/2018,100,32.7
2/13/2018,81.3,30.9
2/14/2018,91.3,48.1
2/15/2018,100,54.9
2/16/2018,63,60
2/17/2018,77.6,41.1
2/18/2018,100,30.3
2/19/2018,100,33.6
2/20/2018,100,14.2
2/21/2018,64.6,10.1
2/22/2018,100,11.8
2/23/2018,100,19.2
2/24/2018,100,14.7
2/25/2018,92.7,7.8
2/26/2018,94.2,6.1
2/27/2018,88.4,15.3
2/28/2018,100,34.8
3/1/2018,88.4,17.7
3/2/2018,68,12.7
3/3/2018,73.8,14.1
3/4/2018,72,24.8
3/5/2018,72.4,12.2
3/6/2018,48.5,4.6
3/7/2018,69.6,7.9
3/8/2018,65.4,7.3
3/9/2018,92.7,4.2
3/10/2018,91.1,20.2
3/11/2018,88.3,42.6
3/12/2018,78.3,24.2
3/13/2018,64.8,20
3/14/2018,76.2,19.4
3/15/2018,62.3,26.1
3/16/2018,100,17.6
3/17/2018,95.3,20.3
3/18/2018,86.7,22.4
3/19/2018,93.9,7.8
3/20/2018,92.9,4.6
3/21/2018,85.7,4.7
3/22/2018,71.7,9.2
3/23/2018,92.1,18.9
3/24/2018,100,19.4
3/25/2018,83.1,19.1
3/26/2018,100,11
3/27/2018,100,9.2
3/28/2018,100,6.5
3/29/2018,100,6.7
3/30/2018,81.3,6.9
3/31/2018,100,5.4
4/1/2018,73.8,5
4/2/2018,100,5.8
4/3/2018,100,9.2
4/4/2018,70.9,9.6
4/5/2018,69.3,8
4/6/2018,100,7.2
4/7/2018,42.7,11.8
4/8/2018,67.5,15.9
4/9/2018,93.4,5.4
4/10/2018,100,2.4
4/11/2018,72.2,3.8
4/12/2018,69.8,6.9
4/13/2018,100,3.5
4/14/2018,85,2.5
4/15/2018,55.3,1.3
4/16/2018,62.7,2.9
4/17/2018,100,11.3
4/18/2018,100,5.4
4/19/2018,69,6.4
4/20/2018,61,11.1
4/21/2018,73,8.8
4/22/2018,84.5,6.8
4/23/2018,84,6.2
4/24/2018,74.5,5
4/25/2018,100,4.4
4/26/2018,90.8,6.3
4/27/2018,66.1,6.5
4/28/2018,65.4,4.9
4/29/2018,76.2,3.9
4/30/2018,72.6,8.8
5/1/2018,72.4,20.4
5/2/2018,100,24.5
5/3/2018,100,15.9
5/4/2018,87.5,8.5
5/5/2018,72.8,4.4
5/6/2018,73.7,3.6
5/7/2018,64.6,5.3
5/8/2018,75.5,3.9
5/9/2018,71.2,3.5
5/10/2018,74.8,4
5/11/2018,71.1,8
5/12/2018,91.2,13.7
5/13/2018,87.6,12
5/14/2018,100,8.5
5/15/2018,99.7,8.6
5/16/2018,100,6.5
5/17/2018,100,6.1
5/18/2018,91.6,6.8
5/19/2018,100,7.3
5/20/2018,100,7.6
5/21/2018,88.9,9.9
5/22/2018,87.1,11.3
5/23/2018,87.7,11.4
5/24/2018,88.5,8.8
5/25/2018,98,7.4
5/26/2018,85.6,7.7
5/27/2018,84.6,8.8
5/28/2018,84.9,9
5/29/2018,98.1,7.9
5/30/2018,93.7,7.2
5/31/2018,92.5,7.3
6/1/2018,98.9,6.7
6/2/2018,100,3.6
6/3/2018,71,3.3
6/4/2018,71.1,3
6/5/2018,86.8,6.2
6/6/2018,88.2,8.3
6/7/2018,93,7
6/8/2018,86.1,5.8
6/9/2018,84.6,4.3
6/10/2018,76.7,4.5
6/11/2018,100,3.5
6/12/2018,100,3.3
6/13/2018,84.3,4.3
6/14/2018,77.4,7.6
6/15/2018,77.5,22.2
6/16/2018,73.8,45.7
6/17/2018,76,17.5
6/18/2018,80.3,11.4
6/19/2018,78.5,8.2
6/20/2018,99.6,5.6
6/21/2018,80.2,5.1
6/22/2018,82.1,4.5
6/23/2018,68.4,9.6
6/24/2018,82.1,13.7
6/25/2018,83.6,10.1
6/26/2018,96.9,5.9
6/27/2018,91.1,4.8
6/28/2018,75.2,8.5
6/29/2018,71.2,12.7
6/30/2018,98.1,10.2
7/1/2018,100,5.1
7/2/2018,79,3.7
7/3/2018,87.6,4.5
7/4/2018,90.1,8.9
7/5/2018,76.4,6.5
7/6/2018,91,10.6
7/7/2018,86.3,10.6
7/8/2018,66.8,12.8
7/9/2018,71.8,19.3
7/10/2018,74.8,29.9
7/11/2018,70.9,32.4
7/12/2018,71.3,31.1
7/13/2018,70.4,23.2
7/14/2018,79.7,22.2
7/15/2018,83.5,27.1
7/16/2018,82.6,22.1
7/17/2018,82.1,23.8
7/18/2018,90.5,30.8
7/19/2018,100,29
7/20/2018,94.1,22.1
7/21/2018,84.5,22.9
7/22/2018,80.2,16.5
7/23/2018,82,10.9
7/24/2018,86.2,8.9
7/25/2018,58.9,9.8
7/26/2018,91.3,15.2
7/27/2018,63.4,17.3
7/28/2018,76.6,21.7
7/29/2018,100,24.9
7/30/2018,97.7,21.5
7/31/2018,88.6,21.2
8/1/2018,77,19.9
8/2/2018,77,18
8/3/2018,68,17.5
8/4/2018,58.6,15.3
8/5/2018,59.7,12.2
8/6/2018,72.1,9
8/7/2018,97.1,15.5
8/8/2018,85.2,25.6
8/9/2018,79,26.9
8/10/2018,90.1,29.5
8/11/2018,78.5,25.6
8/12/2018,82.4,27
8/13/2018,87.7,26.9
8/14/2018,92.2,26
8/15/2018,100,31.8
8/16/2018,100,32.1
8/17/2018,100,28.6
8/18/2018,93.1,23.4
8/19/2018,100,20.5
8/20/2018,88,20.7
8/21/2018,89.4,24.1
8/22/2018,85.5,24.4
8/23/2018,98.2,25
8/24/2018,89.5,26.2
8/25/2018,86.3,25.6
8/26/2018,85.6,21.9
8/27/2018,79.7,14
8/28/2018,100,10.7
8/29/2018,100,10.1
8/30/2018,100,16.1
8/31/2018,95.2,20.3
9/1/2018,93.5,17.4
9/2/2018,86.4,20.2
9/3/2018,86.3,21.2
9/4/2018,85.1,17.8
9/5/2018,93.4,18.7
9/6/2018,86.1,16.2
9/7/2018,100,11.2
9/8/2018,100,9.4
9/9/2018,100,13.9
9/10/2018,98.4,15.5
9/11/2018,96.9,11.3
9/12/2018,96.3,7.6
9/13/2018,97.5,5
9/14/2018,100,5.6
9/15/2018,100,7.6
9/16/2018,93.8,15.2
9/17/2018,91.8,14.6
9/18/2018,83.2,16.2
9/19/2018,79.5,39.5
9/20/2018,95.1,31.7
9/21/2018,100,22.4
9/22/2018,90.9,15.9
9/23/2018,88.1,8.8
9/24/2018,83.1,17
9/25/2018,100,15.8
9/26/2018,100,13.3
9/27/2018,96.9,10.8
9/28/2018,93.6,10.4
9/29/2018,100,13.6
9/30/2018,96.8,21.3
10/1/2018,100,57.4
10/2/2018,97.2,54.4
10/3/2018,100,42.7
10/4/2018,100,40.2
10/5/2018,100,31.1
10/6/2018,100,28.7
10/7/2018,97.5,43.5
10/8/2018,100,28.5
10/9/2018,100,20.3
10/10/2018,100,25.3
10/11/2018,80.9,34.1
10/12/2018,84.5,43.9
10/13/2018,86.3,65.2
10/14/2018,100,47.6
10/15/2018,88.6,32.7
10/16/2018,91.2,38.1
10/17/2018,86.1,29.9
10/18/2018,75.9,27.1
10/19/2018,100,25.1
10/20/2018,100,23
10/21/2018,88,28.8
10/22/2018,94.3,26.4
10/23/2018,100,22.7
10/24/2018,90.3,26.2
10/25/2018,96.3,23
10/26/2018,100,20.2
10/27/2018,92,16.8
10/28/2018,94,16.7
10/29/2018,100,18.8
10/30/2018,100,20.5
10/31/2018,79.6,17.7
11/1/2018,76.6,12.9
11/2/2018,75.4,12.6
11/3/2018,87.6,16.7
11/4/2018,95.4,16.6
11/5/2018,99.8,13.4
11/6/2018,92.6,14.7
11/7/2018,80.9,18.1
11/8/2018,93.9,23.2
11/9/2018,100,12.8
11/10/2018,86.4,14.9
11/11/2018,88.2,13.9
11/12/2018,100,8.1
11/13/2018,89.2,8.2
11/14/2018,88.9,9.9
11/15/2018,88.7,8.5
11/16/2018,100,8.4
11/17/2018,100,11.1
11/18/2018,91.2,14
11/19/2018,100,11.9
11/20/2018,95.1,10.4
11/21/2018,75.6,16.7
11/22/2018,70.6,41.5
11/23/2018,100,36.5
11/24/2018,92.9,28.5
11/25/2018,100,22.9
11/26/2018,84.9,14.6
11/27/2018,92.1,13.2
11/28/2018,85,14
11/29/2018,100,25.8
11/30/2018,100,49.2
12/1/2018,100,45.5
12/2/2018,89,37.1
12/3/2018,83.6,23.3
12/4/2018,79.4,18.6
12/5/2018,93.7,20.1
12/6/2018,100,70.9
12/7/2018,83.5,49.7
12/8/2018,86.3,47.4
12/9/2018,89.7,37.8
12/10/2018,91.4,26.3
12/11/2018,95.3,22.3
12/12/2018,100,28.9
12/13/2018,100,17.6
12/14/2018,100,10.3
12/15/2018,86.1,11.9
12/16/2018,94.5,15.6
12/17/2018,94.8,22.1
12/18/2018,100,24.3
12/19/2018,100,25.3
12/20/2018,97.3,19.5
12/21/2018,89.1,23.1
12/22/2018,93,19.1
12/23/2018,81.4,17
12/24/2018,81,19.1
12/25/2018,97.8,33
12/26/2018,97.2,40.9
12/27/2018,100,34.9
12/28/2018,88.2,29
12/29/2018,75.9,16.1
12/30/2018,97.7,17.5
12/31/2018,99.5,12.3
1/1/2019,78.2,45.9
1/2/2019,96,23.9
1/3/2019,100,21.1
1/4/2019,91.2,15.8
1/5/2019,87.9,22.5
1/6/2019,71.4,46.6
1/7/2019,100,43.9
1/8/2019,95.6,30.1
1/9/2019,69.2,30.9
1/10/2019,62.3,39.3
1/11/2019,93.1,41
1/12/2019,97.3,33.6
1/13/2019,91.4,47.4
1/14/2019,88.6,38.9
1/15/2019,81.8,55.9
1/16/2019,88.4,49.5
1/17/2019,86.4,38.2
1/18/2019,100,40.2
1/19/2019,100,24.7
1/20/2019,80.4,16.6
1/21/2019,75.6,24.4
1/22/2019,100,20.3
1/23/2019,92.2,15.7
1/24/2019,100,13.5
1/25/2019,91.1,14.6
1/26/2019,88,12.2
1/27/2019,93.8,12.2
1/28/2019,100,16.1
1/29/2019,100,19.1
1/30/2019,44.8,18.3
1/31/2019,100,21.2
2/1/2019,100,29.6
2/2/2019,86.5,39.8
2/3/2019,100,70.5
2/4/2019,100,49.8
2/5/2019,100,44.2
2/6/2019,100,38.9
2/7/2019,100,18.6
2/8/2019,72.5,12.4
2/9/2019,82.9,19.6
2/10/2019,80.8,19.5
2/11/2019,100,26.1
2/12/2019,90.9,11.4
2/13/2019,80.6,13.9
2/14/2019,100,39.5
2/15/2019,95.8,48.6
2/16/2019,88.8,33.9
2/17/2019,100,29
2/18/2019,94.9,37.2
2/19/2019,92.9,25.1
2/20/2019,100,18.4
2/21/2019,85.5,52.1
2/22/2019,78.9,68.3
2/23/2019,100,33.4
2/24/2019,81.7,23.4
2/25/2019,89.1,24.8
2/26/2019,100,20.5
2/27/2019,100,17.7
2/28/2019,76.2,20.5
3/1/2019,79.8,26.7
3/2/2019,100,32.2
3/3/2019,100,34.3
3/4/2019,84,29.3
3/5/2019,81.1,21.2
3/6/2019,85.2,15.3
3/7/2019,70.8,33.6
3/8/2019,96.4,31.7
3/9/2019,100,19.4
3/10/2019,63.6,21.4
3/11/2019,74.7,38.1
3/12/2019,83,60.9
3/13/2019,100,35.9
3/14/2019,84.6,20
3/15/2019,69.4,15.4
3/16/2019,81.1,17.6
3/17/2019,70.8,21.8
3/18/2019,64.5,18.1
3/19/2019,72.6,15
3/20/2019,88.4,16.3
3/21/2019,89.7,27.7
3/22/2019,91.8,22.6
3/23/2019,72.6,16.9
3/24/2019,85.3,13.2
3/25/2019,100,11.5
3/26/2019,94.7,11.8
3/27/2019,71.6,12.7
3/28/2019,77.2,10
3/29/2019,100,11.3
3/30/2019,99.4,9.6
3/31/2019,69.6,9.5
4/1/2019,70.9,8.9
4/2/2019,79.6,9.5
4/3/2019,69.7,18.5
4/4/2019,93.9,15.7
4/5/2019,93.4,19.2
4/6/2019,94,23.9
4/7/2019,100,15.7
4/8/2019,78.4,9.5
4/9/2019,68.4,9
4/10/2019,99.5,11.1
4/11/2019,100,9.6
4/12/2019,62.9,16.1
4/13/2019,64.7,15.3
4/14/2019,63.5,9.9
4/15/2019,82.7,10.3
4/16/2019,72.5,20.8
4/17/2019,100,31.9
4/18/2019,88.3,14.1
4/19/2019,72.7,7.6
4/20/2019,73.9,9
4/21/2019,71.5,10.2
4/22/2019,100,12.2
4/23/2019,85.5,14.6
4/24/2019,100,12.2
4/25/2019,100,10.1
4/26/2019,70.7,8.8
4/27/2019,100,8.1
4/28/2019,98.6,7.3
4/29/2019,88.3,14.8
4/30/2019,95.5,24.2
